{"stats":{"minecraft:picked_up":{"minecraft:book":4,"minecraft:crafting_table":2,"minecraft:stick":1,"minecraft:feather":1,"minecraft:stone_brick_slab":3,"minecraft:bowl":2,"minecraft:sand":17,"minecraft:stone_brick_stairs":1,"zombie_extreme:decomposing_backpack":1,"zombie_extreme:dead_body":2,"minecraft:quartz_block":2,"minecraft:bone":1,"minecraft:arrow":2,"minecraft:rotten_flesh":4,"minecraft:light_blue_carpet":13,"minecraft:rabbit_hide":1,"zombie_extreme:rotten_apple":1,"minecraft:rabbit":1,"minecraft:chest":1,"minecraft:bricks":2,"minecraft:oak_planks":9},"minecraft:killed_by":{"minecraft:skeleton":1},"minecraft:killed":{"minecraft:skeleton":1,"zombie_extreme:night_hunter":1,"zombie_extreme:infected_hazmat":1},"minecraft:custom":{"minecraft:time_since_rest":4856,"minecraft:sprint_one_cm":15429,"minecraft:damage_taken":440,"minecraft:walk_one_cm":50650,"minecraft:mob_kills":3,"minecraft:damage_dealt":1315,"minecraft:interact_with_crafting_table":2,"minecraft:fly_one_cm":24088,"minecraft:open_chest":2,"minecraft:crouch_one_cm":1946,"minecraft:play_one_minute":15322,"tombstone:undead_killed":1,"minecraft:deaths":1,"minecraft:sneak_time":1714,"minecraft:jump":139,"minecraft:leave_game":2,"minecraft:time_since_death":5097,"minecraft:climb_one_cm":2273,"minecraft:fall_one_cm":2717},"minecraft:crafted":{"minecraft:crafting_table":1,"minecraft:stick":4,"minecraft:wooden_pickaxe":1,"minecraft:sandstone":3},"minecraft:used":{"zombie_extreme:fireaxe":31,"minecraft:bricks":2,"minecraft:rabbit":1,"minecraft:quartz_block":2,"minecraft:chest":1,"minecraft:wooden_pickaxe":10,"minecraft:sandstone":3,"zombie_extreme:dead_body":1,"minecraft:stone_brick_stairs":1,"zombie_extreme:chips":2,"minecraft:sand":5,"minecraft:crafting_table":3},"minecraft:mined":{"minecraft:glass_pane":3,"minecraft:quartz_block":2,"zombie_extreme:decomposing_backpack":1,"minecraft:stone_brick_slab":3,"minecraft:light_blue_carpet":13,"minecraft:stone_brick_stairs":2,"minecraft:crafting_table":2,"minecraft:bookshelf":1,"minecraft:chest":1,"minecraft:dead_bush":1,"minecraft:sand":18,"zombie_extreme:dead_body":2,"zombie_extreme:birdsnest":1,"minecraft:oak_planks":10,"minecraft:bricks":2}},"DataVersion":2586}