{
  "chunkloaders:recipes/misc/ultimate_chunk_loader": {
    "criteria": {
      "recipe_condition": "2024-08-08 00:37:39 +0000"
    },
    "done": true
  },
  "chunkloaders:recipes/misc/single_to_basic_chunk_loader": {
    "criteria": {
      "recipe_condition": "2024-08-08 00:37:39 +0000"
    },
    "done": true
  },
  "chunkloaders:recipes/chunkloaders/basic_chunk_loader": {
    "criteria": {
      "has_the_recipe": "2024-08-08 00:37:39 +0000"
    },
    "done": true
  },
  "iceandfire:iceandfire/root": {
    "criteria": {
      "tick": "2024-08-08 00:37:39 +0000"
    },
    "done": true
  },
  "tombstone:adventure/find_easter_egg": {
    "criteria": {
      "coded_trigger": "2024-08-08 00:37:39 +0000"
    },
    "done": true
  },
  "tombstone:adventure/root": {
    "criteria": {
      "auto": "2024-08-08 00:37:39 +0000"
    },
    "done": true
  },
  "chunkloaders:recipes/chunkloaders/advanced_chunk_loader": {
    "criteria": {
      "has_the_recipe": "2024-08-08 00:37:39 +0000"
    },
    "done": true
  },
  "tombstone:adventure/first_grave": {
    "criteria": {
      "coded_trigger": "2024-08-08 00:48:55 +0000"
    },
    "done": true
  },
  "tconstruct:tools/materials_and_you": {
    "criteria": {
      "crafted_book": "2024-08-08 00:37:39 +0000"
    },
    "done": true
  },
  "enchantinginfuser:recipes/decorations/advanced_enchanting_infuser": {
    "criteria": {
      "has_netherite_ingot": "2024-08-08 00:37:39 +0000",
      "has_crying_obsidian": "2024-08-08 00:37:39 +0000"
    },
    "done": true
  },
  "chunkloaders:recipes/misc/basic_chunk_loader": {
    "criteria": {
      "recipe_condition": "2024-08-08 00:37:39 +0000"
    },
    "done": true
  },
  "chunkloaders:recipes/chunkloaders/single_to_basic_chunk_loader": {
    "criteria": {
      "has_the_recipe": "2024-08-08 00:37:39 +0000"
    },
    "done": true
  },
  "chunkloaders:recipes/misc/single_chunk_loader": {
    "criteria": {
      "recipe_condition": "2024-08-08 00:37:39 +0000"
    },
    "done": true
  },
  "chunkloaders:recipes/chunkloaders/ultimate_chunk_loader": {
    "criteria": {
      "has_the_recipe": "2024-08-08 00:37:39 +0000"
    },
    "done": true
  },
  "chunkloaders:recipes/misc/advanced_chunk_loader": {
    "criteria": {
      "recipe_condition": "2024-08-08 00:37:39 +0000"
    },
    "done": true
  },
  "minecraft:adventure/root": {
    "criteria": {
      "killed_by_something": "2024-08-08 00:48:55 +0000"
    },
    "done": true
  },
  "enchantinginfuser:recipes/decorations/enchanting_infuser": {
    "criteria": {
      "has_amethyst_shard": "2024-08-08 00:37:39 +0000",
      "has_crying_obsidian": "2024-08-08 00:37:39 +0000",
      "has_the_recipe": "2024-08-08 00:37:39 +0000"
    },
    "done": true
  },
  "seavil:setup_undersea": {
    "criteria": {
      "tick": "2024-08-08 00:37:39 +0000"
    },
    "done": true
  },
  "chunkloaders:recipes/chunkloaders/single_chunk_loader": {
    "criteria": {
      "has_the_recipe": "2024-08-08 00:37:39 +0000"
    },
    "done": true
  },
  "minecraft:adventure/adventuring_time": {
    "criteria": {
      "minecraft:desert_hills": "2024-08-08 00:37:39 +0000",
      "minecraft:desert": "2024-08-08 00:38:15 +0000"
    },
    "done": false
  },
  "DataVersion": 2586
}